record,id,name,commands,start_mode,endpoint,token,geometric_mm,optical_path_mm,loss_pct,gdd_fs2,x_mm,y_mm,z_mm,azimuth_deg,elevation_deg,diameter_mm,half_angle_mrad,diameter_h_mm,diameter_v_mm,wavelength_nm,spectral_weight,n,thickness_mm,transmission_pct,reflection_pct,gdd_t_fs2,gdd_r_fs2,n_t,n_r,thickness_t_mm,thickness_r_mm,data_json
LaserOpticsRouter:1.2,,Grating — Gaussian spectrum,,,,,,,,,,,,,,,,,,,,,,,,,,,,,,"{""version"": 1, ""release"": ""1.7.1"", ""route_id"": ""4fc00fd14cb1419a98379bedafe09dea"", ""document_id"": ""825c2c81abfa4a66bf2e4e733ebe42f2"", ""run_name"": ""Grating — Gaussian spectrum"", ""source"": {""position"": [0, 0, 0], ""azimuth"": 0, ""elevation"": 0, ""diameter_mm"": 5, ""half_angle_mrad"": 0, ""model"": ""gaussian"", ""wavelength_nm"": 800, ""m2"": 1, ""color"": ""red"", ""spectrum"": {""mode"": ""gaussian"", ""width_nm"": 40, ""samples"": 9}}, ""sizes"": {""lens"": {""small"": 12.7, ""normal"": 25.4, ""large"": 50.8}, ""cyl"": {""small"": 12.7, ""normal"": 25.4, ""large"": 50.8}, ""grating"": {""small"": 12.7, ""normal"": 25.4, ""large"": 50.8}, ""reset"": {""small"": 12.7, ""normal"": 25.4, ""large"": 50.8}, ""mirror"": {""small"": 12.7, ""normal"": 25.4, ""large"": 50.8}, ""oap"": {""small"": 12.7, ""normal"": 25.4, ""large"": 50.8}, ""pol"": {""small"": 12.7, ""normal"": 25.4, ""large"": 50.8}, ""bs"": {""small"": 12.7, ""normal"": 25.4, ""large"": 50.8}, ""bsc"": {""small"": 12.7, ""normal"": 25.4, ""large"": 50.8}, ""wp"": {""small"": 12.7, ""normal"": 25.4, ""large"": 50.8}, ""rp"": {""small"": 12.7, ""normal"": 25.4, ""large"": 50.8}, ""bd"": {""small"": 12.7, ""normal"": 25.4, ""large"": 50.8}, ""laha"": {""small"": 12.7, ""normal"": 25.4, ""large"": 50.8}, ""laqu"": {""small"": 12.7, ""normal"": 25.4, ""large"": 50.8}, ""nd"": {""small"": 12.7, ""normal"": 25.4, ""large"": 50.8}, ""tp"": {""small"": 12.7, ""normal"": 25.4, ""large"": 50.8}, ""generic"": {""small"": 12.7, ""normal"": 25.4, ""large"": 50.8}}, ""component_defaults"": {}, ""budget_defaults"": {""cyl"": {""loss_pct"": 1, ""gdd_fs2"": 100}, ""grating"": {""loss_pct"": 0, ""gdd_fs2"": 0}, ""reset"": {""loss_pct"": 0, ""gdd_fs2"": 0}, ""generic"": {""loss_pct"": 0, ""gdd_fs2"": 0}, ""lens"": {""loss_pct"": 1, ""gdd_fs2"": 100}, ""mirror"": {""loss_pct"": 1, ""gdd_fs2"": 0}, ""oap"": {""loss_pct"": 2, ""gdd_fs2"": 0}, ""pol"": {""loss_pct"": 5, ""gdd_fs2"": 100}, ""laha"": {""loss_pct"": 1, ""gdd_fs2"": 50}, ""laqu"": {""loss_pct"": 1, ""gdd_fs2"": 50}, ""nd"": {""loss_pct"": 90, ""gdd_fs2"": 100}, ""tp"": {""loss_pct"": 1, ""gdd_fs2"": 100}, ""bs"": {""transmission_pct"": 49, ""reflection_pct"": 49, ""gdd_t_fs2"": 100, ""gdd_r_fs2"": 0}, ""bsc"": {""transmission_pct"": 49, ""reflection_pct"": 49, ""gdd_t_fs2"": 300, ""gdd_r_fs2"": 300}, ""wp"": {""transmission_pct"": 49, ""reflection_pct"": 49, ""gdd_t_fs2"": 0, ""gdd_r_fs2"": 0}, ""rp"": {""transmission_pct"": 49, ""reflection_pct"": 49, ""gdd_t_fs2"": 0, ""gdd_r_fs2"": 0}, ""bd"": {""transmission_pct"": 49, ""reflection_pct"": 49, ""gdd_t_fs2"": 0, ""gdd_r_fs2"": 0, ""loss_pct"": 1, ""gdd_fs2"": 0}}, ""options"": {""clean_joints"": true, ""show_optics"": true, ""keep_following_paths"": true, ""use_assigned_components"": false, ""protect_components"": true, ""beam_opacity"": 0.3, ""optics_opacity"": 0.65, ""lens_thickness_mm"": 2, ""mirror_thickness_mm"": 3, ""oap_thickness_mm"": 4, ""gaussian_tolerance_mm"": 0.01}}"
path,line1,Grating — Gaussian spectrum,p40 gr600a30m1h p180,source,,,,,,,,,,,,,,,,,,,,,,,,,,,,"{""id"": ""line1"", ""name"": ""Grating — Gaussian spectrum"", ""commands"": ""p40 gr600a30m1h p180"", ""start_mode"": ""source"", ""endpoint"": """"}"
optic,line1:1,Grating — Gaussian spectrum · 2 · gr600a30m1h,,,,gr600a30m1h,,,0.0,0.0,,,,,,,,,,,,0.0,0.0,0.0,0.0,0.0,0.0,0.0,0.0,0.0,0.0,"{""representation"": ""builtin"", ""custom"": false, ""budget"": {""loss_pct"": 0.0, ""gdd_fs2"": 0.0, ""n"": 0.0, ""thickness_mm"": 0.0, ""transmission_pct"": 0.0, ""reflection_pct"": 0.0, ""gdd_t_fs2"": 0.0, ""gdd_r_fs2"": 0.0, ""n_t"": 0.0, ""n_r"": 0.0, ""thickness_t_mm"": 0.0, ""thickness_r_mm"": 0.0}, ""token"": ""gr600a30m1h""}"
summary,line1:end,Grating — Gaussian spectrum · end,,,,,220.0,220.0,0.0,0.0,-114.0533926483476,-93.09968965326384,0.0,211.14599199838858,-0.0,5.772494694558712,0.0006292725058354662,5.772494694558712,5.000200861564472,800.0,1.0,,,,,,,,,,,
summary,line1:end:S0,Grating — Gaussian spectrum · spectral end · 749.041 nm · relative weight 0.0111,,,,,220.0842823464785,220.0842823464785,0.0,0.0,-111.20404054504112,-97.81455347288431,0.0,212.89900434184128,-0.0,5.766250405248678,0.0005711311195775678,5.766250405248678,5.000184415789153,749.0406919827188,0.011108996538242306,,,,,,,,,,,
summary,line1:end:S1,Grating — Gaussian spectrum · spectral end · 761.781 nm · relative weight 0.0796,,,,,220.04738699434196,220.04738699434196,0.0,0.0,-111.91697999518357,-96.63484233253206,0.0,212.46056081522227,-0.0,5.7683185079620936,0.0005851692488798915,5.7683185079620936,5.000188401081136,761.7805189870392,0.07955950871822769,,,,,,,,,,,
summary,line1:end:S2,Grating — Gaussian spectrum · spectral end · 774.52 nm · relative weight 0.325,,,,,220.0210530432796,220.0210530432796,0.0,0.0,-112.62943484881268,-95.45593306098544,0.0,212.02226141750944,-0.0,5.7700483964793925,0.0005995326427964284,5.7700483964793925,5.000192469565808,774.5203459913595,0.32465246735834974,,,,,,,,,,,
summary,line1:end:S3,Grating — Gaussian spectrum · spectral end · 787.26 nm · relative weight 0.755,,,,,220.00526176316063,220.00526176316063,0.0,0.0,-113.34153066487193,-94.27761789405864,0.0,211.5840803804841,-0.0,5.7714403766080045,0.0006142305200372641,5.7714403766080045,5.000196622591836,787.2601729956797,0.7548396019890073,,,,,,,,,,,
summary,line1:end:S5,Grating — Gaussian spectrum · spectral end · 812.74 nm · relative weight 0.755,,,,,220.00526015385404,220.00526015385404,0.0,0.0,-114.76514576066117,-91.92194156314352,0.0,210.70797061429815,-0.0,5.77321153716446,0.000644668647609073,5.77321153716446,5.000205187947115,812.7398270043203,0.7548396019890073,,,,,,,,,,,
summary,line1:end:S6,Grating — Gaussian spectrum · spectral end · 825.48 nm · relative weight 0.325,,,,,220.0210401648732,220.0210401648732,0.0,0.0,-115.47691482951677,-90.7441670695041,0.0,210.26999060656445,-0.0,5.7735910320468955,0.0006604294316582983,5.7735910320468955,5.000209603262964,825.4796540086405,0.32465246735834974,,,,,,,,,,,
summary,line1:end:S7,Grating — Gaussian spectrum · spectral end · 838.219 nm · relative weight 0.0796,,,,,220.04734350746713,220.04734350746713,0.0,0.0,-116.18882465843029,-89.56615965817663,0.0,209.83202637531068,0.0,5.773633247730996,0.0006765658009495922,5.773633247730996,5.000214109096748,838.2194810129608,0.07955950871822769,,,,,,,,,,,
summary,line1:end:S8,Grating — Gaussian spectrum · spectral end · 850.959 nm · relative weight 0.0111,,,,,220.084179192561,220.084179192561,0.0,0.0,-116.90100013616455,-88.38771267393284,0.0,209.39405232895828,0.0,5.773338193708031,0.0006930891740427495,5.773338193708031,5.000218707096618,850.9593080172812,0.011108996538242306,,,,,,,,,,,
